subcorridor,direction,stopOrderCor,stopId,stopName,depTime,tripCount,m_dwellTime,m_travelTime,m_runTime,sd_dwellTime,sd_travelTime,sd_runTime,p10_travelTime,p90_travelTime,p95_travelTime
2nd to Broad,direction-1,2,20972,3rd St - FS,2021-01-01T15:00:00Z,9,16.13222222222222,33.28788888888889,49.42011111111111,23.748717411566552,21.879576963714616,29.664869641734665,23.7438,43.10679999999996,67.12839999999998
2nd to Broad,direction-1,2,20972,3rd St - FS,2021-01-01T15:10:00Z,11,13.421272727272727,32.779909090909094,46.20118181818182,21.845736573029114,11.113542337657652,21.98343408486573,25.641,46.33,52.8995
2nd to Broad,direction-1,2,20972,3rd St - FS,2021-01-01T15:20:00Z,8,12.683375,31.24675,43.930125000000004,20.61357967760573,3.56880847462727,20.382908922060167,27.344300000000004,34.781,36.5205
2nd to Broad,direction-1,2,20972,3rd St - FS,2021-01-01T15:30:00Z,10,8.5398,28.400299999999998,36.9401,9.703608570469488,3.884121294879104,11.183274947189862,23.5813,31.762299999999996,33.99565
2nd to Broad,direction-1,2,20972,3rd St - FS,2021-01-01T15:40:00Z,10,14.1562,33.9686,48.1248,20.16785009640619,12.319746157197306,26.7556494088424,25.787799999999997,44.44569999999999,55.19934999999998
2nd to Broad,direction-1,2,20972,3rd St - FS,2021-01-01T15:50:00Z,12,10.558666666666667,35.22225,45.78091666666667,18.492120269471698,12.161237475348395,24.2563596888746,27.208499999999997,41.6645,54.83044999999998
2nd to Broad,direction-1,2,20972,3rd St - FS,2021-01-01T16:00:00Z,10,8.3472,24.9589,33.3061,17.05147556860305,2.013406314902407,18.620584574007815,23.1254,26.7148,28.068399999999997
2nd to Broad,direction-1,2,20972,3rd St - FS,2021-01-01T16:10:00Z,7,3.923428571428571,31.831857142857142,35.75528571428571,8.248546414513344,12.416916826498857,13.192559477653626,25.107799999999997,42.30180000000001,50.843399999999974
2nd to Broad,direction-1,2,20972,3rd St - FS,2021-01-01T16:20:00Z,10,3.1021,30.9526,34.054700000000004,4.4381760129835115,4.95905880855094,7.103789693615028,25.9287,35.5148,38.393899999999995
2nd to Broad,direction-1,2,20972,3rd St - FS,2021-01-01T16:30:00Z,11,5.958,29.886909090909093,35.84490909090909,7.989124370042064,4.5112077197696285,10.55831962439616,24.907,34.293,36.6295
2nd to Broad,direction-1,2,20972,3rd St - FS,2021-01-01T16:40:00Z,12,15.5535,30.7995,46.353,14.871029667230053,4.796351501638796,14.2572941076744,24.8178,36.450399999999995,37.5706
2nd to Broad,direction-1,2,20972,3rd St - FS,2021-01-01T16:50:00Z,10,4.9553,30.946099999999998,35.9014,9.982499665247513,7.332785940933744,16.205623538348245,24.513399999999997,38.093199999999996,41.98209999999999
2nd to Broad,direction-1,2,20972,3rd St - FS,2021-01-01T17:00:00Z,10,12.0762,36.8756,48.9518,16.527832699217804,13.022854732268872,18.540118265234685,28.991500000000002,43.27139999999999,57.76319999999996
2nd to Broad,direction-1,2,20972,3rd St - FS,2021-01-01T17:10:00Z,11,14.888272727272726,32.34909090909091,47.23736363636364,15.45973767624088,5.33659718274755,17.411753376801126,27.2,36.566,39.8935
2nd to Broad,direction-1,2,20972,3rd St - FS,2021-01-01T17:20:00Z,10,16.4503,27.5271,43.9774,17.901449805035966,7.32629904218737,22.824535887699643,22.6773,36.2235,40.73024999999999
2nd to Broad,direction-1,2,20972,3rd St - FS,2021-01-01T17:30:00Z,11,6.067181818181818,32.854,38.92118181818182,9.742700311701903,5.462957093003752,12.611519954535074,27.953,37.517,40.620000000000005
2nd to Broad,direction-1,2,20972,3rd St - FS,2021-01-01T17:40:00Z,10,6.1959,31.6755,37.8714,13.743019007239033,6.033100681518031,14.03210800826289,26.619500000000002,40.5644,41.038700000000006
2nd to Broad,direction-1,2,20972,3rd St - FS,2021-01-01T17:50:00Z,10,8.5381,33.1098,41.6479,10.104050776792445,9.516769407501455,16.064570557942442,26.5825,43.1372,49.68559999999999
2nd to Broad,direction-1,3,20973,4th St - MBFS,2021-01-01T15:00:00Z,9,14.452666666666666,23.296333333333333,37.749,9.589738487049582,13.236088819964907,15.178807108926577,15.9488,44.89619999999999,47.03059999999999
2nd to Broad,direction-1,3,20973,4th St - MBFS,2021-01-01T15:10:00Z,11,16.318272727272728,23.84790909090909,40.16618181818182,13.382610216926361,10.593423841747722,21.93421325153096,17.558,27.999,41.077999999999996
2nd to Broad,direction-1,3,20973,4th St - MBFS,2021-01-01T15:20:00Z,8,13.259625,22.7475,36.007125,8.936834066099694,12.151376488753387,17.900111910563975,16.5206,32.5517,42.333849999999984
2nd to Broad,direction-1,3,20973,4th St - MBFS,2021-01-01T15:30:00Z,10,12.3802,21.9078,34.288,10.183732843227096,8.297770487707325,14.820862053200548,17.0364,24.68409999999999,34.76454999999997
2nd to Broad,direction-1,3,20973,4th St - MBFS,2021-01-01T15:40:00Z,10,14.5698,16.9605,31.5303,10.545921010303251,1.9860910379716008,10.093109905607223,16.1843,17.940399999999997,20.016699999999993
2nd to Broad,direction-1,3,20973,4th St - MBFS,2021-01-01T15:50:00Z,12,15.09675,27.04625,42.143,9.574469034649104,14.070212197954035,17.002710265238196,18.475499999999997,51.4377,52.1117
2nd to Broad,direction-1,3,20973,4th St - MBFS,2021-01-01T16:00:00Z,10,11.0438,18.1556,29.199399999999997,5.6456554151547955,2.807497193033127,6.19931290457974,15.4116,21.1834,22.652199999999993
2nd to Broad,direction-1,3,20973,4th St - MBFS,2021-01-01T16:10:00Z,7,14.917,17.594571428571427,32.51157142857143,11.359708593680267,1.2048507317150474,11.983595729957164,16.3102,18.7634,18.7697
2nd to Broad,direction-1,3,20973,4th St - MBFS,2021-01-01T16:20:00Z,10,16.0912,20.6507,36.7419,11.377012288919364,10.088506332015216,13.447539241644009,15.983099999999999,23.97449999999999,36.135749999999966
2nd to Broad,direction-1,3,20973,4th St - MBFS,2021-01-01T16:30:00Z,11,19.66590909090909,25.00618181818182,44.67209090909091,9.913387357049512,12.963230236466387,19.813214198885277,17.023,49.569,50.795
2nd to Broad,direction-1,3,20973,4th St - MBFS,2021-01-01T16:40:00Z,12,16.623666666666665,18.787416666666665,35.41108333333333,13.148960306865145,7.198784385490919,19.105463356938856,14.2368,22.813200000000002,30.96444999999999
2nd to Broad,direction-1,3,20973,4th St - MBFS,2021-01-01T16:50:00Z,10,18.3174,18.1174,36.4348,11.228742565398854,0.9333645470971018,11.025637596075793,17.3036,18.900199999999998,19.4501
2nd to Broad,direction-1,3,20973,4th St - MBFS,2021-01-01T17:00:00Z,10,15.28,20.5283,35.8083,8.280457139822925,2.3737369062303424,10.042455156318432,19.357300000000002,22.858700000000002,23.946349999999995
2nd to Broad,direction-1,3,20973,4th St - MBFS,2021-01-01T17:10:00Z,11,19.613545454545456,21.603727272727273,41.21727272727273,15.132672079732886,11.75867906774319,17.107496620434617,13.431,43.124,44.7015
2nd to Broad,direction-1,3,20973,4th St - MBFS,2021-01-01T17:20:00Z,10,15.9538,19.8245,35.7783,12.9620101047467,5.734387659840703,13.889551949017092,16.1103,25.110999999999997,29.552499999999988
2nd to Broad,direction-1,3,20973,4th St - MBFS,2021-01-01T17:30:00Z,11,14.388363636363636,22.522454545454544,36.91081818181818,10.60022835860367,12.786362714733508,20.64845281767223,14.993,34.059,45.7125
2nd to Broad,direction-1,3,20973,4th St - MBFS,2021-01-01T17:40:00Z,10,10.745899999999999,16.7643,27.5102,5.164562398370908,2.837651887271117,5.61536716519944,14.9256,19.283299999999997,21.611149999999995
2nd to Broad,direction-1,3,20973,4th St - MBFS,2021-01-01T17:50:00Z,10,6.351999999999999,20.227,26.579,5.666748136669252,2.4110976292505826,6.315407772530079,18.3795,21.8885,24.19475
2nd to Broad,direction-1,5,14881,7th St,2021-01-01T15:00:00Z,16,50.563125,63.72525,114.288375,25.411309481869157,18.325912417485064,33.24491586769321,36.385000000000005,80.57,82.32249999999999
2nd to Broad,direction-1,5,14881,7th St,2021-01-01T15:10:00Z,30,49.93353333333334,66.89826666666667,116.8318,24.96778331305797,26.373229594359156,38.84547830997881,40.227500000000006,92.34400000000004,122.01124999999993
2nd to Broad,direction-1,5,14881,7th St,2021-01-01T15:20:00Z,27,49.52237037037037,73.68425925925926,123.20662962962963,16.951898387333287,30.334076993467004,33.12670881531205,34.3726,101.36980000000005,140.77659999999997
2nd to Broad,direction-1,5,14881,7th St,2021-01-01T15:30:00Z,21,46.43295238095238,54.63338095238095,101.06633333333333,29.505155897700643,19.232901095456686,34.383255179423216,39.11,77.681,78.475
2nd to Broad,direction-1,5,14881,7th St,2021-01-01T15:40:00Z,30,56.4766,60.96346666666667,117.44006666666667,30.07143433456294,17.452867956660985,32.15852991143046,39.922399999999996,87.04440000000001,93.44219999999999
2nd to Broad,direction-1,5,14881,7th St,2021-01-01T15:50:00Z,34,48.237,73.14005882352942,121.37705882352941,22.278624051686037,37.67742568486944,47.349100576361266,34.4532,137.696,149.57069999999987
2nd to Broad,direction-1,5,14881,7th St,2021-01-01T16:00:00Z,15,40.30446666666667,58.52726666666667,98.83173333333333,24.40179431302621,15.396766814899191,35.75039076802751,33.129400000000004,69.2332,75.06609999999998
2nd to Broad,direction-1,5,14881,7th St,2021-01-01T16:10:00Z,31,37.772354838709674,57.329741935483874,95.10209677419354,25.974814601261208,16.639560378743468,36.9870802022858,35.623,77.905,79.1165
2nd to Broad,direction-1,5,14881,7th St,2021-01-01T16:20:00Z,20,56.55895,56.474199999999996,113.03314999999999,36.66706322612908,22.802166112709095,46.308386623949204,30.357899999999997,79.43800000000003,101.08675000000001
2nd to Broad,direction-1,5,14881,7th St,2021-01-01T16:30:00Z,34,58.41426470588235,58.115911764705885,116.53017647058823,43.454702957328166,18.721220340901517,50.71590624578793,34.0448,79.8357,81.36005
2nd to Broad,direction-1,5,14881,7th St,2021-01-01T16:40:00Z,35,54.01714285714286,63.100457142857145,117.1176,44.604255790189335,21.98473704954906,56.58932487212012,36.485200000000006,89.6618,97.68249999999998
2nd to Broad,direction-1,5,14881,7th St,2021-01-01T16:50:00Z,20,47.5128,57.40885,104.92165,20.15099909655781,15.748452927443214,23.272519191154007,40.069700000000005,75.4808,80.3569
2nd to Broad,direction-1,5,14881,7th St,2021-01-01T17:00:00Z,29,41.48589655172414,61.43006896551724,102.91596551724137,18.621306246081257,16.1338918582924,27.35403167526911,37.2616,79.726,80.8986
2nd to Broad,direction-1,5,14881,7th St,2021-01-01T17:10:00Z,24,52.66683333333333,57.90920833333333,110.57604166666667,18.229476771490695,30.472815627359708,39.246027611199814,29.8149,86.41449999999999,104.12044999999996
2nd to Broad,direction-1,5,14881,7th St,2021-01-01T17:20:00Z,30,44.31753333333333,67.74096666666667,112.0585,21.583049197721447,31.937095482000814,35.60093831362236,36.3919,88.1413,97.14054999999999
2nd to Broad,direction-1,5,14881,7th St,2021-01-01T17:30:00Z,21,49.91314285714286,56.263285714285715,106.17642857142857,22.79631140400945,14.88106900777917,28.202906446980652,39.253,73.183,78.096
2nd to Broad,direction-1,5,14881,7th St,2021-01-01T17:40:00Z,29,50.863344827586204,62.796,113.65934482758621,27.068570467657903,14.754973134990308,24.486461516338636,38.632799999999996,76.98,81.01499999999999
2nd to Broad,direction-1,5,14881,7th St,2021-01-01T17:50:00Z,19,44.17357894736842,55.920947368421054,100.09452631578948,24.709822701184578,15.295931508714931,30.275665549833583,42.26780000000001,72.502,82.55099999999996
2nd to Broad,direction-1,6,14882,8th St,2021-01-01T15:00:00Z,16,63.7299375,22.5189375,86.248875,33.52168589330147,10.130049789076393,34.10361336061034,15.141,37.082,46.13675
2nd to Broad,direction-1,6,14882,8th St,2021-01-01T15:10:00Z,30,50.47906666666667,27.610533333333333,78.0896,23.083046470087734,13.680248504834369,27.46634189092107,17.3014,45.62530000000001,54.39329999999998
2nd to Broad,direction-1,6,14882,8th St,2021-01-01T15:20:00Z,27,47.174814814814816,26.163074074074075,73.33788888888888,33.016929482681874,8.022166611841724,33.215166902084555,18.869,36.736200000000004,37.7456
2nd to Broad,direction-1,6,14882,8th St,2021-01-01T15:30:00Z,21,39.550333333333334,23.57761904761905,63.12795238095238,21.203971600465167,16.087892274863698,28.785905452975054,9.388,36.836,59.609
2nd to Broad,direction-1,6,14882,8th St,2021-01-01T15:40:00Z,30,54.4559,23.3832,77.8391,33.588673027499546,13.082836823026229,36.8898915182877,10.7934,45.1037,47.91764999999999
2nd to Broad,direction-1,6,14882,8th St,2021-01-01T15:50:00Z,34,59.31902941176471,27.213617647058822,86.53264705882353,51.21239953162698,18.217596889412548,54.60541544454778,14.8437,43.6307,62.665299999999874
2nd to Broad,direction-1,6,14882,8th St,2021-01-01T16:00:00Z,15,49.98213333333334,14.539200000000001,64.52133333333333,32.979267465369524,13.820141126010876,42.93290056865591,7.682,21.587199999999996,36.55129999999996
2nd to Broad,direction-1,6,14882,8th St,2021-01-01T16:10:00Z,31,41.102935483870965,14.435258064516129,55.5381935483871,23.76012928406954,5.136474543028788,23.82268772888477,10.543,23.511,23.8355
2nd to Broad,direction-1,6,14882,8th St,2021-01-01T16:20:00Z,20,54.1639,19.5818,73.7457,36.003154693501656,11.953122325414217,38.30537352863722,10.997100000000001,30.457000000000022,45.91110000000001
2nd to Broad,direction-1,6,14882,8th St,2021-01-01T16:30:00Z,34,63.77029411764706,19.382411764705882,83.15270588235295,54.58399897823837,24.566420936788774,64.68812604710875,4.854,33.1014,49.385149999999996
2nd to Broad,direction-1,6,14882,8th St,2021-01-01T16:40:00Z,35,48.35574285714286,17.732542857142857,66.08828571428572,33.58716138238018,11.97478076268145,41.37131746154818,9.751,31.281400000000005,42.27929999999998
2nd to Broad,direction-1,6,14882,8th St,2021-01-01T16:50:00Z,20,42.70445,9.68325,52.3877,31.744404260270404,3.6520485365282176,32.717056573790856,7.18,12.636200000000008,17.502150000000004
2nd to Broad,direction-1,6,14882,8th St,2021-01-01T17:00:00Z,29,40.45848275862069,12.53803448275862,52.99651724137931,20.31757813643273,5.885555784428996,21.75781068395027,8.8274,14.487199999999998,20.924599999999984
2nd to Broad,direction-1,6,14882,8th St,2021-01-01T17:10:00Z,24,43.337125,5.973833333333333,49.31095833333333,23.796224772397792,1.8885483881788028,23.925644707099586,4.5585,9.401299999999999,9.57315
2nd to Broad,direction-1,6,14882,8th St,2021-01-01T17:20:00Z,30,38.30133333333333,10.019833333333333,48.32116666666666,21.495750692080794,5.6963607140925925,22.429460960336616,5.76,16.404100000000003,18.573900000000002
2nd to Broad,direction-1,6,14882,8th St,2021-01-01T17:30:00Z,21,36.09157142857143,6.552809523809524,42.64438095238095,18.94098108486313,4.974381425052242,21.08258382996778,4.742,5.236,18.646
2nd to Broad,direction-1,6,14882,8th St,2021-01-01T17:40:00Z,29,45.86896551724138,9.369551724137931,55.23851724137931,28.771179800382036,6.632763917457718,31.54646212292127,5.256,16.401799999999998,19.950999999999997
2nd to Broad,direction-1,6,14882,8th St,2021-01-01T17:50:00Z,19,40.02763157894737,10.370684210526315,50.398315789473685,20.809034982725187,5.3469746383937276,21.804634053981967,7.55,12.660599999999993,20.110299999999977
2nd to Broad,direction-1,7,14883,9th St,2021-01-01T15:00:00Z,16,53.362625,20.5205,73.88312499999999,18.959725306993946,7.087629269838163,18.39084007461323,17.4665,21.881,29.637
2nd to Broad,direction-1,7,14883,9th St,2021-01-01T15:10:00Z,30,60.1904,23.2587,83.4491,33.67137239565528,14.113662444473857,40.600388885813764,16.309,25.044500000000014,34.283249999999995
2nd to Broad,direction-1,7,14883,9th St,2021-01-01T15:20:00Z,27,50.513592592592595,27.563148148148148,78.07674074074075,31.505404559876414,12.180787475186877,33.989932055279354,19.5702,34.3026,35.1876
2nd to Broad,direction-1,7,14883,9th St,2021-01-01T15:30:00Z,21,54.17252380952381,21.84190476190476,76.01442857142857,18.65088461606861,2.993905808551129,17.659945581941717,18.497,27.149,27.331
2nd to Broad,direction-1,7,14883,9th St,2021-01-01T15:40:00Z,30,53.140566666666665,23.022933333333334,76.1635,24.365465727461316,6.882577238482556,30.026040268234755,18.3497,30.268500000000007,33.40985
2nd to Broad,direction-1,7,14883,9th St,2021-01-01T15:50:00Z,34,47.92138235294118,30.665176470588236,78.58655882352942,20.312406397009067,13.88840134236847,28.823998375923193,19.4921,41.888600000000004,47.48979999999993
2nd to Broad,direction-1,7,14883,9th St,2021-01-01T16:00:00Z,15,59.480333333333334,23.19193333333333,82.67226666666667,34.93325618266653,9.495000650467642,42.56109576742368,18.662799999999997,27.077199999999998,36.26319999999997
2nd to Broad,direction-1,7,14883,9th St,2021-01-01T16:10:00Z,31,47.618806451612905,19.429354838709678,67.04816129032258,21.335011585684462,3.2256308793618147,22.133593395706257,17.734,21.062,27.695
2nd to Broad,direction-1,7,14883,9th St,2021-01-01T16:20:00Z,20,60.5435,35.21095,95.75444999999999,29.797462987202184,32.027885083035144,60.474110059790746,18.550600000000003,92.28030000000003,106.665
2nd to Broad,direction-1,7,14883,9th St,2021-01-01T16:30:00Z,34,59.66823529411764,33.04732352941176,92.7155588235294,30.18478640384903,28.443103149462168,53.01156772629409,18.5,61.9157,85.725099999999685
2nd to Broad,direction-1,7,14883,9th St,2021-01-01T16:40:00Z,35,54.76057142857143,29.1374,83.89797142857142,36.407807874043684,17.43216706551426,49.56686670696684,18.822200000000002,61.433400000000006,64.75200000000001
2nd to Broad,direction-1,7,14883,9th St,2021-01-01T16:50:00Z,20,47.4368,17.30825,64.74505,19.63767080357224,4.8158199266365305,20.062218695781592,15.018,19.182700000000015,28.64395
2nd to Broad,direction-1,7,14883,9th St,2021-01-01T17:00:00Z,29,48.33437931034483,15.393,63.72737931034483,30.186442452831834,2.5682071984724506,30.94876011065224,13.134,18.0866,19.798799999999993
2nd to Broad,direction-1,7,14883,9th St,2021-01-01T17:10:00Z,24,52.95370833333333,12.149125,65.10283333333334,22.448417859383603,3.0217643034218904,24.104958080402692,8.943,14.651,14.651
2nd to Broad,direction-1,7,14883,9th St,2021-01-01T17:20:00Z,30,39.781333333333336,13.257233333333334,53.03856666666667,26.356024624798568,4.118786921206151,26.018486768109685,9.466,18.211199999999998,20.667849999999994
2nd to Broad,direction-1,7,14883,9th St,2021-01-01T17:30:00Z,21,42.71066666666667,7.157,49.867666666666665,19.06014433663432,1.858401086956204,19.382629363255475,6.256,10.095,10.534
2nd to Broad,direction-1,7,14883,9th St,2021-01-01T17:40:00Z,29,34.996172413793104,13.459758620689655,48.45593103448276,23.095504494642867,2.965653946857643,22.630544223509446,10.487,16.355999999999998,18.593600000000002
2nd to Broad,direction-1,7,14883,9th St,2021-01-01T17:50:00Z,19,35.86394736842105,9.572315789473684,45.436263157894736,23.332947876515455,1.0276901312399345,23.653483797534644,9.104,10.024599999999998,12.4555
2nd to Broad,direction-1,8,14884,10th St,2021-01-01T15:00:00Z,16,36.190375,6.271875,42.46225,19.078610969267825,1.5262510879057003,18.892755805687354,5.592,8.055,9.8195
2nd to Broad,direction-1,8,14884,10th St,2021-01-01T15:10:00Z,30,36.25136666666667,11.738833333333334,47.9902,22.907704968631954,5.128542207895039,25.39438670311977,7.616,14.233,18.09344999999998
2nd to Broad,direction-1,8,14884,10th St,2021-01-01T15:20:00Z,27,41.919074074074075,13.91925925925926,55.83833333333333,19.704338815300254,3.163745316898854,20.246390757177135,11.7494,17.677799999999998,19.509
2nd to Broad,direction-1,8,14884,10th St,2021-01-01T15:30:00Z,21,37.292142857142856,12.248190476190477,49.54033333333333,27.48909159882464,2.361491512139047,26.957243665355204,10.795,13.277,15.132
2nd to Broad,direction-1,8,14884,10th St,2021-01-01T15:40:00Z,30,33.20186666666667,11.6371,44.838966666666664,17.900479070324526,7.219247287872072,18.991156430956423,7.844200000000001,11.439800000000004,13.94615
2nd to Broad,direction-1,8,14884,10th St,2021-01-01T15:50:00Z,34,40.611558823529414,8.7455,49.357058823529414,28.162958115754964,2.279012109877808,28.640687863058776,6.649,11.790999999999999,12.694899999999993
2nd to Broad,direction-1,8,14884,10th St,2021-01-01T16:00:00Z,15,37.1734,10.947466666666667,48.120866666666664,20.979738891879197,1.4629138665527717,20.87057773814155,8.866400000000002,11.757,11.757
2nd to Broad,direction-1,8,14884,10th St,2021-01-01T16:10:00Z,31,26.751032258064516,8.694354838709678,35.44538709677419,18.03530323464486,3.191469594072999,18.149091385296067,5.53,10.539,14.849499999999999
2nd to Broad,direction-1,8,14884,10th St,2021-01-01T16:20:00Z,20,46.5664,15.21405,61.78045,19.284462672535657,7.579952183400076,20.742955672950757,8.5395,16.818700000000018,29.57795000000001
2nd to Broad,direction-1,8,14884,10th St,2021-01-01T16:30:00Z,34,41.24341176470588,12.517617647058824,53.7610294117647,22.99732521221155,8.793674462154362,24.735434293049625,6.942,19.7834,21.221449999999987
2nd to Broad,direction-1,8,14884,10th St,2021-01-01T16:40:00Z,35,33.16665714285714,19.53862857142857,52.705285714285715,18.147816637340178,11.844877011468155,20.671689397894532,13.716,24.010800000000003,29.561399999999974
2nd to Broad,direction-1,8,14884,10th St,2021-01-01T16:50:00Z,20,40.3112,18.646,58.9572,24.161299018754853,2.776523631032916,24.245187100470933,15.493,21.205500000000004,22.9172
2nd to Broad,direction-1,8,14884,10th St,2021-01-01T17:00:00Z,29,30.329,15.99744827586207,46.32644827586207,17.24052590762325,3.52386749372057,17.883010034639437,11.006,18.3002,18.557
2nd to Broad,direction-1,8,14884,10th St,2021-01-01T17:10:00Z,24,37.915125,7.3834583333333335,45.29858333333333,20.450612099508543,2.5915339419157624,20.380744034113622,5.848,9.1622,11.205599999999997
2nd to Broad,direction-1,8,14884,10th St,2021-01-01T17:20:00Z,30,33.0574,8.398566666666666,41.45596666666667,19.482389569858316,2.3484774918838496,19.665492245929485,6.547,10.7337,12.661899999999992
2nd to Broad,direction-1,8,14884,10th St,2021-01-01T17:30:00Z,21,39.134142857142855,8.149571428571429,47.28371428571429,33.903056005743366,3.3809038225218497,34.1218695811687,5.301,10.58,10.58
2nd to Broad,direction-1,8,14884,10th St,2021-01-01T17:40:00Z,29,35.172724137931034,7.842965517241379,43.015689655172416,20.437193459294033,7.344626512349783,22.708432055867718,4.982600000000001,9.4322,18.313799999999972
2nd to Broad,direction-1,8,14884,10th St,2021-01-01T17:50:00Z,19,39.07310526315789,7.475315789473685,46.54842105263158,20.30775673068664,2.0269207640225435,20.453474410953564,5.7904,10.7574,11.241799999999998
2nd to Broad,direction-1,9,14885,11th St,2021-01-01T15:00:00Z,16,43.7348125,24.8785625,68.613375,16.843912091984453,4.5568888505024265,17.951042067709235,21.2865,29.557499999999997,31.7835
2nd to Broad,direction-1,9,14885,11th St,2021-01-01T15:10:00Z,30,53.34376666666667,28.21816666666667,81.56193333333333,22.820082836567796,10.372420304406505,25.5463863723435,20.9795,46.026500000000006,50.561199999999985
2nd to Broad,direction-1,9,14885,11th St,2021-01-01T15:20:00Z,27,44.684074074074076,26.246296296296297,70.93037037037037,19.9606373817724,5.706404174358806,21.417489056211387,20.6832,33.098600000000005,35.7277
2nd to Broad,direction-1,9,14885,11th St,2021-01-01T15:30:00Z,21,41.39457142857143,23.80695238095238,65.2015238095238,16.809091773714094,17.6010836838991,23.326335937345686,15.907,25.722,65.737
2nd to Broad,direction-1,9,14885,11th St,2021-01-01T15:40:00Z,30,45.43606666666667,25.8953,71.33136666666667,16.195735949962867,8.9634675754343,19.76892950284627,19.8425,42.3676,43.842
2nd to Broad,direction-1,9,14885,11th St,2021-01-01T15:50:00Z,34,42.809176470588234,26.685029411764706,69.49420588235294,16.97132810372477,10.310566458545255,20.55080314404814,19.7968,35.744499999999995,55.21565
2nd to Broad,direction-1,9,14885,11th St,2021-01-01T16:00:00Z,15,48.03066666666667,21.282133333333334,69.3128,15.495430615261421,4.315406517296349,15.292737913327171,18.122,24.6002,27.92029999999999
2nd to Broad,direction-1,9,14885,11th St,2021-01-01T16:10:00Z,31,46.38990322580645,22.22064516129032,68.61054838709677,16.580502092025316,7.709433591595806,20.260427714864445,18.196,31.991,37.658500000000004
2nd to Broad,direction-1,9,14885,11th St,2021-01-01T16:20:00Z,20,46.12185,17.48135,63.6032,18.038471251233542,2.2265798950290034,18.37427994321353,14.564,19.1094,20.4682
2nd to Broad,direction-1,9,14885,11th St,2021-01-01T16:30:00Z,34,46.964470588235294,21.252176470588235,68.21664705882353,26.534503098436325,5.118149461212361,26.27775563139236,17.223599999999998,28.711,32.83309999999999
2nd to Broad,direction-1,9,14885,11th St,2021-01-01T16:40:00Z,35,45.213857142857144,24.583742857142855,69.7976,21.314492834057987,10.009767048893258,23.909283146928516,18.0064,37.11880000000001,44.59759999999997
2nd to Broad,direction-1,9,14885,11th St,2021-01-01T16:50:00Z,20,44.0493,24.157899999999998,68.2072,12.467243645481124,4.614170312600545,13.438685123650735,20.621599999999997,30.064400000000006,34.4399
2nd to Broad,direction-1,9,14885,11th St,2021-01-01T17:00:00Z,29,53.25568965517241,20.650689655172414,73.90637931034483,35.96684189550093,4.159037741588863,36.36417942977657,18.331599999999998,22.286,28.128799999999984
2nd to Broad,direction-1,9,14885,11th St,2021-01-01T17:10:00Z,24,50.99395833333333,21.780166666666666,72.774125,19.617178216351643,9.660874097039077,23.719018014926153,17.403100000000002,30.293099999999992,46.63949999999997
2nd to Broad,direction-1,9,14885,11th St,2021-01-01T17:20:00Z,30,38.4153,24.495466666666665,62.91076666666667,24.688625018835893,8.858212802285498,25.703487959584507,18.9702,35.3767,35.757000000000005
2nd to Broad,direction-1,9,14885,11th St,2021-01-01T17:30:00Z,21,40.37804761904762,19.961285714285715,60.33933333333333,19.60926396241376,8.371823744817238,18.626449893453483,13.578,21.407,23.788
2nd to Broad,direction-1,9,14885,11th St,2021-01-01T17:40:00Z,29,37.82310344827586,20.667827586206897,58.490931034482756,16.91990883195809,6.064650950201772,18.83646112488648,15.1596,23.733999999999998,27.8034
2nd to Broad,direction-1,9,14885,11th St,2021-01-01T17:50:00Z,19,38.83852631578947,20.103578947368423,58.94210526315789,25.44125344433158,5.466442569754213,26.024629321503067,17.2522,22.139599999999998,26.13239999999997
2nd to Broad,direction-1,10,14886,12th St,2021-01-01T15:00:00Z,16,44.6084375,8.4020625,53.0105,25.119710558228306,1.811421779293823,25.24418409323885,6.992,9.77,10.54875
2nd to Broad,direction-1,10,14886,12th St,2021-01-01T15:10:00Z,30,44.01743333333333,9.130966666666668,53.1484,20.99124972817423,6.740572074787295,22.86066728232366,5.288400000000001,13.132000000000001,15.233099999999997
2nd to Broad,direction-1,10,14886,12th St,2021-01-01T15:20:00Z,27,33.03644444444444,12.967555555555556,46.004,9.056517939003223,11.053024293180624,15.6831763707778,6.1364,19.438200000000005,38.16959999999998
2nd to Broad,direction-1,10,14886,12th St,2021-01-01T15:30:00Z,21,42.55952380952381,7.334904761904762,49.89442857142857,26.396773680923673,4.514387986258623,25.871651944882508,5.413,9.709,10.84
2nd to Broad,direction-1,10,14886,12th St,2021-01-01T15:40:00Z,30,38.39483333333333,12.810066666666668,51.2049,20.350660484212256,9.633302251630246,23.15070302552089,6.526,20.5246,26.407399999999974
2nd to Broad,direction-1,10,14886,12th St,2021-01-01T15:50:00Z,34,39.31358823529412,14.786411764705882,54.1,14.460137991540844,10.11072700115964,18.6548879369294,7.283,18.9908,37.27309999999998
2nd to Broad,direction-1,10,14886,12th St,2021-01-01T16:00:00Z,15,41.49186666666667,10.7622,52.25406666666667,6.805611412300742,6.815780567393373,10.214147768565677,6.1126000000000005,14.459999999999999,20.84179999999998
2nd to Broad,direction-1,10,14886,12th St,2021-01-01T16:10:00Z,31,43.62561290322581,11.860354838709677,55.48596774193548,23.313101380521957,2.528723914657181,23.00758973104871,9.733,14.547,15.797999999999998
2nd to Broad,direction-1,10,14886,12th St,2021-01-01T16:20:00Z,20,38.60975,13.78155,52.3913,14.066854333110419,6.731273317215149,14.869168083124574,10.682,18.715899999999998,20.656000000000013
2nd to Broad,direction-1,10,14886,12th St,2021-01-01T16:30:00Z,34,40.92470588235294,13.507676470588235,54.432382352941175,23.341754993001228,6.9441677805827915,24.80500941832749,8.8717,15.975099999999998,20.481699999999954
2nd to Broad,direction-1,10,14886,12th St,2021-01-01T16:40:00Z,35,38.231028571428574,15.509657142857144,53.74068571428571,16.97921201574532,8.25665405078145,17.40273535256054,9.561,20.9234,29.60319999999996
2nd to Broad,direction-1,10,14886,12th St,2021-01-01T16:50:00Z,20,38.37325,15.8666,54.23985,11.749108113407004,3.937243951908759,12.46963819284771,13.619,18.1548,19.632200000000005
2nd to Broad,direction-1,10,14886,12th St,2021-01-01T17:00:00Z,29,38.672,12.379965517241379,51.05196551724138,15.908216726854441,4.637269897893731,15.729160186651413,6.11,15.890199999999998,17.1116
2nd to Broad,direction-1,10,14886,12th St,2021-01-01T17:10:00Z,24,44.88579166666667,13.134875,58.02066666666666,22.42135329658677,7.989396964305934,25.911392160787983,9.325,16.037,20.99639999999999
2nd to Broad,direction-1,10,14886,12th St,2021-01-01T17:20:00Z,30,36.21723333333333,14.3237,50.540933333333335,19.887162150290674,6.608658271410004,18.85841634835269,9.1668,24.371700000000004,26.879799999999996
2nd to Broad,direction-1,10,14886,12th St,2021-01-01T17:30:00Z,21,33.029809523809526,10.384904761904762,43.41471428571428,11.393201023501023,4.623119411228331,10.997723583282394,5.813,15.599,15.716
2nd to Broad,direction-1,10,14886,12th St,2021-01-01T17:40:00Z,29,34.935793103448276,9.300758620689654,44.23655172413793,17.42430190931888,2.253572079660777,17.527949467689368,7.3094,10.988,12.506599999999995
2nd to Broad,direction-1,10,14886,12th St,2021-01-01T17:50:00Z,19,38.77642105263158,10.55078947368421,49.32721052631579,20.073758418270547,3.4468090005902137,20.74048520963273,8.775,13.1622,14.194099999999981
2nd to Broad,direction-1,11,14887,13th St,2021-01-01T15:00:00Z,16,33.658625,16.0519375,49.7105625,30.154789531957714,2.0244184833757406,29.708001947777753,14.382,18.538,20.099999999999998
2nd to Broad,direction-1,11,14887,13th St,2021-01-01T15:10:00Z,30,25.257166666666667,15.917733333333333,41.1749,20.671497717093846,2.2481797224349784,20.634880413496713,13.779,18.488,20.069499999999998
2nd to Broad,direction-1,11,14887,13th St,2021-01-01T15:20:00Z,27,23.251925925925924,17.879074074074076,41.131,18.430908398093603,1.9923301766433021,18.140322446459944,14.96,20.256,21.305799999999998
2nd to Broad,direction-1,11,14887,13th St,2021-01-01T15:30:00Z,21,34.547809523809526,16.22061904761905,50.76842857142857,28.566811079676093,6.376722963060184,29.41101238409081,13.198,17.593,19.169
2nd to Broad,direction-1,11,14887,13th St,2021-01-01T15:40:00Z,30,34.198233333333334,15.575366666666667,49.7736,21.97811175988249,5.0938640267471325,22.25547348964465,11.1531,20.9933,21.2952
2nd to Broad,direction-1,11,14887,13th St,2021-01-01T15:50:00Z,34,24.14826470588235,17.586147058823528,41.73441176470588,17.274826891749992,2.9706611766075253,17.54865423678641,14.159,20.7016,21.704049999999995
2nd to Broad,direction-1,11,14887,13th St,2021-01-01T16:00:00Z,15,28.585133333333335,14.281333333333334,42.86646666666667,13.966029228435826,8.543930700182663,14.302824605483986,9.911200000000001,15.7214,24.398799999999973
2nd to Broad,direction-1,11,14887,13th St,2021-01-01T16:10:00Z,31,39.621967741935485,16.624290322580645,56.24625806451613,33.093682420752025,2.986314129419391,34.257929952024966,14.754,22.076,22.3925
2nd to Broad,direction-1,11,14887,13th St,2021-01-01T16:20:00Z,20,32.7145,14.75995,47.47445,18.66961178098333,3.027980332186004,19.524172907813803,13.9532,14.845300000000003,17.217050000000008
2nd to Broad,direction-1,11,14887,13th St,2021-01-01T16:30:00Z,34,31.030470588235293,14.264941176470588,45.29541176470588,16.925088095621934,5.966249626230497,19.210203253412836,7.068,19.5784,22.885949999999955
2nd to Broad,direction-1,11,14887,13th St,2021-01-01T16:40:00Z,35,32.812514285714286,19.313828571428573,52.12634285714286,18.33813999223449,8.177594376910445,20.390227122675356,13.822,23.5638,27.652299999999997
2nd to Broad,direction-1,11,14887,13th St,2021-01-01T16:50:00Z,20,39.27915,13.52885,52.808,28.74763816435965,1.2749058283075778,28.805648406263362,12.609,15.5145,15.5902
2nd to Broad,direction-1,11,14887,13th St,2021-01-01T17:00:00Z,29,35.348827586206895,15.743275862068966,51.092103448275864,30.83657899205905,5.14328921228257,32.2807024987119,7.205,20.05,22.0998
2nd to Broad,direction-1,11,14887,13th St,2021-01-01T17:10:00Z,24,29.943208333333335,19.454583333333332,49.39779166666667,23.359079076507623,2.9178794998015802,24.510862353302386,17.535,20.296400000000002,25.665249999999986
2nd to Broad,direction-1,11,14887,13th St,2021-01-01T17:20:00Z,30,36.921533333333336,18.573733333333333,55.495266666666666,29.023622597313114,4.203993273505342,29.64631848509255,15.452,21.386200000000002,22.493799999999997
2nd to Broad,direction-1,11,14887,13th St,2021-01-01T17:30:00Z,21,34.04504761904762,15.17252380952381,49.21757142857143,20.424734474347986,3.2770654344862815,21.177484382172093,9.972,17.873,18.78
2nd to Broad,direction-1,11,14887,13th St,2021-01-01T17:40:00Z,29,32.65251724137931,20.566206896551723,53.218724137931034,24.68623619495095,3.510017820257066,23.037143005367522,19.1242,23.304399999999998,23.9178
2nd to Broad,direction-1,11,14887,13th St,2021-01-01T17:50:00Z,19,23.522315789473684,20.959736842105265,44.48205263157895,18.556512690375587,3.0925844611138444,19.412075693219887,17.3046,25.112000000000002,25.342799999999997
2nd to Broad,direction-1,12,130,Broad St - MBNS,2021-01-01T15:00:00Z,16,57.6450625,35.350625,92.9956875,26.3404051410724,9.734404873950949,31.833808899174578,28.3065,48.2625,56.36725
2nd to Broad,direction-1,12,130,Broad St - MBNS,2021-01-01T15:10:00Z,30,47.7122,36.4165,84.1287,21.396175604774438,11.370946628321581,23.512723153206018,27.398400000000002,44.7528,58.24604999999994
2nd to Broad,direction-1,12,130,Broad St - MBNS,2021-01-01T15:20:00Z,27,63.568185185185186,37.33562962962963,100.90381481481481,29.81035010379015,9.313574390880921,32.00852925878572,30.455,50.91540000000003,58.72800000000001
2nd to Broad,direction-1,12,130,Broad St - MBNS,2021-01-01T15:30:00Z,21,49.56509523809524,36.11942857142857,85.68452380952381,22.138035922151634,6.863374968420628,25.748518030401375,29.951,48.661,48.986
2nd to Broad,direction-1,12,130,Broad St - MBNS,2021-01-01T15:40:00Z,30,54.553533333333334,41.50756666666667,96.0611,21.10614049518052,12.034420017207921,27.409363019369607,31.2809,59.05960000000001,65.2742
2nd to Broad,direction-1,12,130,Broad St - MBNS,2021-01-01T15:50:00Z,34,59.4835,35.584264705882354,95.06776470588235,26.0707696219697,6.517616753072299,27.033004253564975,28.3544,43.1233,46.77584999999996
2nd to Broad,direction-1,12,130,Broad St - MBNS,2021-01-01T16:00:00Z,15,55.17673333333333,36.313266666666664,91.49,30.830617526521692,9.269154172127394,30.068686115530312,26.6434,49.6892,53.049899999999994
2nd to Broad,direction-1,12,130,Broad St - MBNS,2021-01-01T16:10:00Z,31,50.21367741935484,36.44690322580645,86.66058064516129,18.814547260718406,6.701538481845487,20.2885281489716,30.741,42.353,44.487
2nd to Broad,direction-1,12,130,Broad St - MBNS,2021-01-01T16:20:00Z,20,62.11205,37.6008,99.71285,27.65305644565971,8.507783239017392,32.04267733290285,27.9726,47.5918,48.551200000000016
2nd to Broad,direction-1,12,130,Broad St - MBNS,2021-01-01T16:30:00Z,34,62.34758823529412,39.289941176470585,101.6375294117647,25.098338933468316,11.149184761448694,30.54053634229213,27.2364,57.380199999999995,61.290199999999984
2nd to Broad,direction-1,12,130,Broad St - MBNS,2021-01-01T16:40:00Z,35,55.90257142857143,43.900685714285714,99.80325714285715,26.992483974885563,14.7790112953779,32.16286838644367,27.584400000000002,65.76820000000002,78.3485
2nd to Broad,direction-1,12,130,Broad St - MBNS,2021-01-01T16:50:00Z,20,54.1091,36.67445,90.78355,27.305080758947252,10.003032169113313,29.35837525347212,29.5932,44.7431,46.855600000000024
2nd to Broad,direction-1,12,130,Broad St - MBNS,2021-01-01T17:00:00Z,29,62.42772413793104,41.609034482758624,104.03675862068965,23.528759829949983,14.696802751139831,29.734605234900453,32.8098,64.66,71.85959999999997
2nd to Broad,direction-1,12,130,Broad St - MBNS,2021-01-01T17:10:00Z,24,57.69466666666667,41.088625,98.78329166666667,21.797029112815526,18.147687067412726,27.418299313762294,30.2355,46.02889999999999,70.73514999999995
2nd to Broad,direction-1,12,130,Broad St - MBNS,2021-01-01T17:20:00Z,30,48.10523333333333,48.08016666666666,96.1854,23.742306916184425,15.072823962769673,29.24998430250095,34.7428,66.4258,74.76054999999997
2nd to Broad,direction-1,12,130,Broad St - MBNS,2021-01-01T17:30:00Z,21,53.2747619047619,42.412142857142854,95.68690476190476,28.269765239394477,11.319000160286746,30.97549497409971,32.671,57.545,64.517
2nd to Broad,direction-1,12,130,Broad St - MBNS,2021-01-01T17:40:00Z,29,55.86386206896552,39.75989655172414,95.62375862068966,30.103331923706833,8.765239978561533,33.57374755950928,29.6602,50.5964,55.073999999999984
2nd to Broad,direction-1,12,130,Broad St - MBNS,2021-01-01T17:50:00Z,19,68.08773684210526,37.277,105.36473684210526,39.735947717179926,10.532582916307323,41.22823779596012,27.6414,45.133799999999994,48.495999999999945
Broad to 23rd,direction-1,1,14079,15th St,2021-01-01T15:00:00Z,16,41.3711875,32.819,74.1901875,17.70956854817474,9.497540404406466,21.04213118553267,26.072499999999998,43.9905,51.231750000000005
Broad to 23rd,direction-1,1,14079,15th St,2021-01-01T15:10:00Z,30,44.169,29.807066666666667,73.97606666666667,17.810221108426322,2.6926276991884306,18.14608691157129,27.055699999999998,32.595200000000006,32.77895
Broad to 23rd,direction-1,1,14079,15th St,2021-01-01T15:20:00Z,27,46.651666666666664,28.842296296296297,75.49396296296297,25.459005320771606,4.977757162655725,26.173807548301006,25.6466,31.741600000000005,35.45569999999999
Broad to 23rd,direction-1,1,14079,15th St,2021-01-01T15:30:00Z,21,38.628904761904764,29.986047619047618,68.61495238095237,17.468076367776625,7.4033147945781055,20.992075708410045,24.155,34.424,37.655
Broad to 23rd,direction-1,1,14079,15th St,2021-01-01T15:40:00Z,30,42.12253333333334,31.324433333333335,73.44696666666667,17.563662974592102,9.698257944114227,21.443636639087025,26.3882,37.9091,39.56645
Broad to 23rd,direction-1,1,14079,15th St,2021-01-01T15:50:00Z,34,47.14014705882353,32.76347058823529,79.90361764705882,26.142729563653532,6.162973127625659,26.144494911600596,27.2832,43.125099999999996,44.744749999999996
Broad to 23rd,direction-1,1,14079,15th St,2021-01-01T16:00:00Z,15,46.302,32.40493333333333,78.70693333333334,16.396207401190594,8.062827565586465,18.401924870072957,26.0232,42.22,45.29849999999999
Broad to 23rd,direction-1,1,14079,15th St,2021-01-01T16:10:00Z,31,37.374967741935485,29.71216129032258,67.08712903225806,20.71283035461172,6.013608606578773,22.247383435274564,25.136,33.695,38.237
Broad to 23rd,direction-1,1,14079,15th St,2021-01-01T16:20:00Z,20,45.1041,26.7338,71.8379,19.964590430111638,3.2837809498070643,19.813432559224747,24.0627,31.862699999999997,32.23925
Broad to 23rd,direction-1,1,14079,15th St,2021-01-01T16:30:00Z,34,44.72461764705882,29.409764705882353,74.13438235294117,20.76055883088382,3.0892035558741786,21.141178757903226,26.259700000000002,33.72619999999999,35.10949999999998
Broad to 23rd,direction-1,1,14079,15th St,2021-01-01T16:40:00Z,35,41.81711428571428,31.585371428571428,73.40248571428572,21.99344848809116,5.985056794097399,25.45521008887783,27.290599999999998,36.244600000000005,41.336599999999976
Broad to 23rd,direction-1,1,14079,15th St,2021-01-01T16:50:00Z,20,44.1387,29.793,73.9317,15.902394391378532,3.4953241849497645,16.40786300303351,25.9376,34.084900000000005,37.32475
Broad to 23rd,direction-1,1,14079,15th St,2021-01-01T17:00:00Z,29,44.85324137931035,31.700310344827585,76.55355172413793,21.113664929639377,7.874434143404701,24.741989388467022,26.5938,36.7268,42.41479999999999
Broad to 23rd,direction-1,1,14079,15th St,2021-01-01T17:10:00Z,24,43.249833333333335,29.778375,73.02820833333334,15.348734582217594,5.756078857154635,16.7389430916135,25.109499999999997,39.57079999999999,42.9319
Broad to 23rd,direction-1,1,14079,15th St,2021-01-01T17:20:00Z,30,36.499066666666664,32.0191,68.51816666666667,17.308429797771023,8.142752285484228,19.05179041651237,24.819899999999997,44.95600000000001,51.505399999999995
Broad to 23rd,direction-1,1,14079,15th St,2021-01-01T17:30:00Z,21,34.487904761904765,27.686904761904763,62.17480952380952,17.037225891866203,6.917880317732895,18.915756362406043,23.287,31.482,45.457
Broad to 23rd,direction-1,1,14079,15th St,2021-01-01T17:40:00Z,29,38.09893103448276,30.449379310344828,68.54831034482758,18.949918280884926,5.942614602619872,21.44737603181905,25.3976,39.0486,41.7068
Broad to 23rd,direction-1,1,14079,15th St,2021-01-01T17:50:00Z,19,45.64884210526316,28.29857894736842,73.94742105263158,41.00176550976956,3.8919941948653394,42.27543304373224,24.566599999999998,33.6934,36.585
Broad to 23rd,direction-1,2,14080,16th St,2021-01-01T15:00:00Z,16,50.695125,31.5673125,82.2624375,21.52009626643586,12.048467408589083,30.137723720654485,21.957500000000003,49.2445,52.407250000000005
Broad to 23rd,direction-1,2,14080,16th St,2021-01-01T15:10:00Z,30,46.8366,24.762166666666666,71.59876666666666,24.520968103462685,3.45267636402728,26.75895159752808,21.7594,29.4707,31.78015
Broad to 23rd,direction-1,2,14080,16th St,2021-01-01T15:20:00Z,27,49.9777037037037,22.838296296296296,72.816,20.95688571772426,4.640062199639592,22.96715162340136,19.339,27.239600000000006,29.741100000000003
Broad to 23rd,direction-1,2,14080,16th St,2021-01-01T15:30:00Z,21,48.115476190476194,28.122857142857143,76.23833333333333,22.644954569658665,12.635186758753171,30.57035186309332,22.245,30.811,32.15
Broad to 23rd,direction-1,2,14080,16th St,2021-01-01T15:40:00Z,30,48.0576,29.012866666666667,77.07046666666668,24.236672994338203,11.279172682222855,26.08230242340095,21.4974,41.50120000000001,54.30844999999998
Broad to 23rd,direction-1,2,14080,16th St,2021-01-01T15:50:00Z,34,51.81,26.93435294117647,78.74435294117647,27.401801881694503,12.616380797087265,30.25530954042297,20.5544,30.2841,48.32854999999997
Broad to 23rd,direction-1,2,14080,16th St,2021-01-01T16:00:00Z,15,45.0918,20.3708,65.4626,19.296516029732263,2.270303415845556,19.25566128552476,19.1854,21.404,22.581199999999995
Broad to 23rd,direction-1,2,14080,16th St,2021-01-01T16:10:00Z,31,42.56306451612903,21.94183870967742,64.50490322580646,14.62937753274892,2.827103206426137,14.319441007140929,18.923,24.52,25.671
Broad to 23rd,direction-1,2,14080,16th St,2021-01-01T16:20:00Z,20,49.88975,23.3212,73.21095,29.249902173250714,10.166903661546023,38.3785822829609,19.486,23.4188,26.27250000000003
Broad to 23rd,direction-1,2,14080,16th St,2021-01-01T16:30:00Z,34,47.11105882352941,26.026911764705883,73.13797058823529,26.350922365480614,12.042670350623933,33.76832465984124,19.683,30.1712,36.721049999999906
Broad to 23rd,direction-1,2,14080,16th St,2021-01-01T16:40:00Z,35,69.89714285714285,30.334142857142858,100.23128571428572,39.75674346657718,10.949204338921719,45.73158510558001,22.6262,40.1244,58.72869999999998
Broad to 23rd,direction-1,2,14080,16th St,2021-01-01T16:50:00Z,20,43.7675,30.4743,74.2418,19.068012063469844,23.560781525997594,28.042161315081486,22.2153,30.436300000000028,50.916250000000055
Broad to 23rd,direction-1,2,14080,16th St,2021-01-01T17:00:00Z,29,48.2321724137931,26.21606896551724,74.44824137931035,24.282096983858242,5.706001908586097,26.401511310441478,21.1536,35.2102,36.87779999999999
Broad to 23rd,direction-1,2,14080,16th St,2021-01-01T17:10:00Z,24,59.7745,22.985625,82.760125,23.552613863987304,7.153677508578307,25.70884722072303,18.824,31.4818,38.71354999999999
Broad to 23rd,direction-1,2,14080,16th St,2021-01-01T17:20:00Z,30,55.41076666666667,27.430033333333334,82.8408,22.445216626854748,10.771432714499428,25.601106238759993,19.801299999999998,47.6209,49.53629999999999
Broad to 23rd,direction-1,2,14080,16th St,2021-01-01T17:30:00Z,21,51.36119047619047,22.279761904761905,73.64095238095238,41.12133369142962,8.627563404025276,41.39918254564477,18.331,25.306,25.616
Broad to 23rd,direction-1,2,14080,16th St,2021-01-01T17:40:00Z,29,64.04793103448276,25.197862068965517,89.24579310344828,48.067822602125005,7.626984349401135,52.28216769427993,19.236800000000002,34.1534,42.02319999999998
Broad to 23rd,direction-1,2,14080,16th St,2021-01-01T17:50:00Z,19,57.54384210526316,28.60757894736842,86.15142105263158,60.026774511474976,11.52729719364619,60.98027779474259,20.7726,38.651599999999995,45.04869999999995
Broad to 23rd,direction-1,3,14081,17th St,2021-01-01T15:00:00Z,16,43.0208125,19.6806875,62.7015,10.651296604756626,1.5865538217049762,11.82793068404895,17.9935,21.334,22.03075
Broad to 23rd,direction-1,3,14081,17th St,2021-01-01T15:10:00Z,30,45.42496666666667,20.8966,66.32156666666667,17.9318878296955,6.570465031566219,20.148652820000635,17.4583,22.947800000000008,31.19784999999999
Broad to 23rd,direction-1,3,14081,17th St,2021-01-01T15:20:00Z,27,37.99474074074074,21.296333333333333,59.291074074074075,19.060795839775004,5.447326429613819,18.103321439673664,17.3792,27.21540000000002,34.183499999999995
Broad to 23rd,direction-1,3,14081,17th St,2021-01-01T15:30:00Z,21,45.2987619047619,17.59390476190476,62.89266666666667,13.067723607823828,2.3730019575373698,12.890296751174246,15.95,19.179,20.54
Broad to 23rd,direction-1,3,14081,17th St,2021-01-01T15:40:00Z,30,49.1422,20.1578,69.3,14.539602227163506,5.717188291338732,15.766238634806186,15.266,24.262600000000006,26.811499999999995
Broad to 23rd,direction-1,3,14081,17th St,2021-01-01T15:50:00Z,34,43.33888235294118,20.267911764705882,63.606794117647055,15.636806873459202,3.31613213327092,15.52087224349045,17.6681,23.567499999999995,25.202550000000002
Broad to 23rd,direction-1,3,14081,17th St,2021-01-01T16:00:00Z,15,45.776266666666665,21.0072,66.78346666666667,17.447355143265643,9.38310557179384,19.887299327771505,17.012,22.095599999999997,32.49959999999997
Broad to 23rd,direction-1,3,14081,17th St,2021-01-01T16:10:00Z,31,40.59903225806452,18.707677419354837,59.306709677419356,12.787206842475726,5.09446223126705,13.595889582746564,15.593,21.599,31.308999999999997
Broad to 23rd,direction-1,3,14081,17th St,2021-01-01T16:20:00Z,20,58.318799999999996,17.7983,76.1171,26.505811798844977,2.4244372347543166,27.027024140371253,15.931,20.084999999999997,20.495800000000003
Broad to 23rd,direction-1,3,14081,17th St,2021-01-01T16:30:00Z,34,42.75955882352941,20.234735294117648,62.99429411764706,13.162187635226894,2.644242863608954,14.280261568204134,18.101699999999997,22.7088,24.130549999999992
Broad to 23rd,direction-1,3,14081,17th St,2021-01-01T16:40:00Z,35,55.36717142857143,24.434085714285715,79.80125714285714,27.250449240210287,17.47266727066193,32.7802986055226,18.075,27.711800000000004,31.55119999999998
Broad to 23rd,direction-1,3,14081,17th St,2021-01-01T16:50:00Z,20,44.183,20.54285,64.72585,19.001716681450265,2.255046604139725,18.554856561799323,18.8939,23.1308,23.49145
Broad to 23rd,direction-1,3,14081,17th St,2021-01-01T17:00:00Z,29,59.99889655172414,21.808344827586208,81.80724137931034,24.883673039830796,5.809829492677918,25.724721952759722,17.2196,29.0456,33.826999999999984
Broad to 23rd,direction-1,3,14081,17th St,2021-01-01T17:10:00Z,24,47.579208333333334,20.014041666666667,67.59325,26.375643092063697,5.974836606673799,25.657450653206745,17.0898,23.615,24.7391
Broad to 23rd,direction-1,3,14081,17th St,2021-01-01T17:20:00Z,30,43.18546666666666,18.8794,62.06486666666667,19.992579759247807,7.23595279144357,19.863827270787425,14.1179,21.385200000000015,32.533999999999985
Broad to 23rd,direction-1,3,14081,17th St,2021-01-01T17:30:00Z,21,40.4547619047619,22.037666666666667,62.49242857142857,18.407256514496563,7.187989742155545,19.01525865869678,16.82,33.441,34.134
Broad to 23rd,direction-1,3,14081,17th St,2021-01-01T17:40:00Z,29,44.36948275862069,18.530275862068965,62.89975862068965,18.16367946248126,3.1062323054575263,18.573306417035273,15.875,21.190599999999996,25.021399999999996
Broad to 23rd,direction-1,3,14081,17th St,2021-01-01T17:50:00Z,19,48.14452631578948,20.030947368421053,68.17547368421053,27.151891449089838,7.304527275553036,32.669977309056534,16.8356,22.086999999999996,26.32939999999995
Broad to 23rd,direction-1,4,14084,18th St,2021-01-01T15:00:00Z,16,52.7130625,12.124437499999999,64.8375,31.73109854064043,7.251108163297065,33.38167069316134,10.331,12.193999999999999,20.241
Broad to 23rd,direction-1,4,14084,18th St,2021-01-01T15:10:00Z,30,47.431733333333334,11.7407,59.17243333333333,20.19609121268926,4.702703918840294,20.944796222588252,7.794000000000001,17.798000000000002,18.19095
Broad to 23rd,direction-1,4,14084,18th St,2021-01-01T15:20:00Z,27,44.08303703703704,10.689703703703705,54.772740740740744,10.549495578467909,2.560131288923327,9.787626566988282,8.7256,14.249,14.2917
Broad to 23rd,direction-1,4,14084,18th St,2021-01-01T15:30:00Z,21,54.89504761904762,9.12547619047619,64.02052380952381,41.23087504950166,11.07727340377156,42.3031945172218,5.261,11.585,12.048
Broad to 23rd,direction-1,4,14084,18th St,2021-01-01T15:40:00Z,30,54.86463333333334,14.4449,69.30953333333333,32.517860031048336,13.053200977088949,36.81767555150776,7.114,29.322000000000006,38.017349999999986
Broad to 23rd,direction-1,4,14084,18th St,2021-01-01T15:50:00Z,34,47.248411764705885,10.816235294117647,58.06464705882353,21.412308270284072,5.821504122302869,22.41935970199451,6.8904000000000005,12.915399999999998,18.50044999999993
Broad to 23rd,direction-1,4,14084,18th St,2021-01-01T16:00:00Z,15,50.60453333333333,10.079666666666666,60.6842,31.008509838583404,2.5016534722535204,31.123276088116793,6.490600000000001,12.9348,14.130099999999999
Broad to 23rd,direction-1,4,14084,18th St,2021-01-01T16:10:00Z,31,47.99280645161291,8.848354838709678,56.84116129032258,24.246619872220478,2.2972310078060953,24.899840022373336,6.48,11.755,11.755
Broad to 23rd,direction-1,4,14084,18th St,2021-01-01T16:20:00Z,20,43.47375,6.21125,49.685,7.420028648511867,1.025658036528129,7.380494249602872,4.7789,7.2,7.2
Broad to 23rd,direction-1,4,14084,18th St,2021-01-01T16:30:00Z,34,41.7315,9.15720588235294,50.888705882352944,8.471514787983923,2.9509779660864948,9.121687581534234,6.161,12.165,12.165
Broad to 23rd,direction-1,4,14084,18th St,2021-01-01T16:40:00Z,35,45.385600000000004,8.571371428571428,53.95697142857143,28.588931437142715,3.0954379722966725,28.64844084607266,5.051,13.079,13.079
Broad to 23rd,direction-1,4,14084,18th St,2021-01-01T16:50:00Z,20,41.32245,15.470550000000001,56.793,13.730787478758897,10.507395352923178,19.110797353163587,8.2265,16.382,18.474750000000032
Broad to 23rd,direction-1,4,14084,18th St,2021-01-01T17:00:00Z,29,41.76496551724138,9.322310344827587,51.087275862068964,14.021772125322917,3.769094577741529,14.504746937016742,5.7288,15.044999999999998,16.9242
Broad to 23rd,direction-1,4,14084,18th St,2021-01-01T17:10:00Z,24,40.062666666666665,12.883708333333333,52.946374999999996,13.865138336902712,4.939766562687004,14.139042430563002,6.459200000000001,16.598,21.446399999999986
Broad to 23rd,direction-1,4,14084,18th St,2021-01-01T17:20:00Z,30,42.54626666666667,11.6262,54.172466666666665,21.019267089052356,5.265127371154734,23.555471354660465,7.949,14.846,18.707549999999983
Broad to 23rd,direction-1,4,14084,18th St,2021-01-01T17:30:00Z,21,39.39185714285714,13.760761904761905,53.15261904761905,19.406120007064047,3.3510366143144705,21.28577723381552,10.313,16.273,17.07
Broad to 23rd,direction-1,4,14084,18th St,2021-01-01T17:40:00Z,29,39.31220689655172,11.70403448275862,51.016241379310344,5.8257126074186365,4.918185797068139,5.409285552608141,6.961,14.458,14.458
Broad to 23rd,direction-1,4,14084,18th St,2021-01-01T17:50:00Z,19,37.75747368421053,9.11021052631579,46.86768421052631,11.36979024221849,2.367196386232911,11.888747579364614,6.714799999999999,10.944799999999999,12.097899999999992
Broad to 23rd,direction-1,5,14085,19th St,2021-01-01T15:00:00Z,16,49.5955,26.0683125,75.6638125,37.96987276776155,5.835583726514997,39.28418160230019,20.869999999999997,34.3065,35.754000000000005
Broad to 23rd,direction-1,5,14085,19th St,2021-01-01T15:10:00Z,30,56.1248,32.3189,88.4437,28.900259160513208,26.091399809595075,43.463074791772065,20.434900000000003,56.57940000000005,93.59694999999999
Broad to 23rd,direction-1,5,14085,19th St,2021-01-01T15:20:00Z,27,48.33503703703704,27.69814814814815,76.03318518518519,21.070480091061196,12.900224874914462,25.522426131115232,20.118000000000002,41.26600000000002,60.49189999999999
Broad to 23rd,direction-1,5,14085,19th St,2021-01-01T15:30:00Z,21,38.157428571428575,26.522380952380953,64.67980952380952,23.310032969885366,15.833626111779294,34.15054629814733,18.904,30.628,72.106
Broad to 23rd,direction-1,5,14085,19th St,2021-01-01T15:40:00Z,30,52.873266666666666,27.189133333333334,80.0624,38.41172250214261,15.75614251700244,44.432945096768165,19.771,36.336600000000004,56.907849999999925
Broad to 23rd,direction-1,5,14085,19th St,2021-01-01T15:50:00Z,34,63.308735294117646,33.910117647058826,97.21885294117646,72.3049220514565,40.500922242222934,93.33153842445053,20.801699999999997,39.5389,50.95734999999999
Broad to 23rd,direction-1,5,14085,19th St,2021-01-01T16:00:00Z,15,45.2402,25.0102,70.2504,15.982712541099792,8.384166550281378,17.925233956632198,19.8048,36.010799999999996,41.57809999999999
Broad to 23rd,direction-1,5,14085,19th St,2021-01-01T16:10:00Z,31,52.017806451612906,26.139870967741935,78.15767741935484,31.7990019795374,12.463927531726467,40.222130398896155,20.041,34.553,40.229
Broad to 23rd,direction-1,5,14085,19th St,2021-01-01T16:20:00Z,20,50.7355,25.3978,76.1333,28.59093322881813,10.41483657602284,35.30454264210798,19.106,35.59090000000002,47.83405000000001
Broad to 23rd,direction-1,5,14085,19th St,2021-01-01T16:30:00Z,34,48.893911764705884,22.637382352941177,71.53129411764706,35.25517030327879,4.5981031465535676,34.66641297535036,19.3051,27.755599999999998,30.226699999999976
Broad to 23rd,direction-1,5,14085,19th St,2021-01-01T16:40:00Z,35,42.230085714285714,27.15,69.38008571428571,26.68943357494236,7.925180595455743,30.913525999596537,20.7952,36.7718,39.31369999999998
Broad to 23rd,direction-1,5,14085,19th St,2021-01-01T16:50:00Z,20,45.00535,24.627,69.63235,25.284568229559767,5.809230921106239,27.996853686525867,20.3003,34.1392,37.7939
Broad to 23rd,direction-1,5,14085,19th St,2021-01-01T17:00:00Z,29,45.40741379310345,29.145310344827585,74.55272413793104,22.064528141530115,15.037194913431563,28.313398222770477,20.558999999999997,43.084399999999995,53.47339999999998
Broad to 23rd,direction-1,5,14085,19th St,2021-01-01T17:10:00Z,24,47.29125,23.3415,70.63275,32.43311252844242,5.2814972185513085,35.49966120138393,19.2299,32.3702,33.329
Broad to 23rd,direction-1,5,14085,19th St,2021-01-01T17:20:00Z,30,47.4884,23.770166666666668,71.25856666666667,41.43015240019578,4.667908533241911,42.460012989654274,19.7457,31.010200000000008,35.09225
Broad to 23rd,direction-1,5,14085,19th St,2021-01-01T17:30:00Z,21,48.11157142857143,28.21485714285714,76.32642857142856,37.07966245473579,11.833540113954548,42.02798010560515,20.178,52.351,52.602
Broad to 23rd,direction-1,5,14085,19th St,2021-01-01T17:40:00Z,29,38.74441379310345,27.091655172413795,65.83606896551724,25.322305027269707,8.413875675148004,30.780537757452045,21.0852,44.861,46.713199999999986
Broad to 23rd,direction-1,5,14085,19th St,2021-01-01T17:50:00Z,19,34.01268421052632,22.414157894736842,56.426842105263155,19.31576558454153,5.172171285545129,22.578160638258765,18.705599999999997,31.785200000000003,33.0255
Broad to 23rd,direction-1,6,14086,20th St,2021-01-01T15:00:00Z,16,66.93537500000001,20.255125,87.1905,37.87854692368756,3.9706998690407214,39.846941500362774,17.5075,25.32,27.466
Broad to 23rd,direction-1,6,14086,20th St,2021-01-01T15:10:00Z,30,43.38163333333333,20.5387,63.92033333333333,19.32725244487214,9.015739004843047,23.829091753906443,16.9417,22.336300000000012,40.035599999999945
Broad to 23rd,direction-1,6,14086,20th St,2021-01-01T15:20:00Z,27,34.193888888888885,20.944370370370372,55.13825925925926,15.333477375020202,6.978024561480618,19.318900967292254,14.4012,27.151,31.583899999999993
Broad to 23rd,direction-1,6,14086,20th St,2021-01-01T15:30:00Z,21,36.88319047619048,20.061333333333334,56.94452380952381,13.77100386543787,8.981353535705702,14.869888475099762,13.288,20.642,46.111
Broad to 23rd,direction-1,6,14086,20th St,2021-01-01T15:40:00Z,30,37.95146666666667,21.613166666666665,59.56463333333333,18.241879228158282,9.667060178177529,21.96342124044106,16.550500000000003,22.6136,36.29449999999994
Broad to 23rd,direction-1,6,14086,20th St,2021-01-01T15:50:00Z,34,49.62332352941176,23.164029411764705,72.78735294117647,33.526713433013825,9.921511949433166,34.9087476671656,17.459,36.4871,45.67674999999992
Broad to 23rd,direction-1,6,14086,20th St,2021-01-01T16:00:00Z,15,44.6996,20.595,65.2946,20.22936322280066,8.481728900575469,20.485305126218787,11.743400000000001,29.083799999999997,35.106099999999984
Broad to 23rd,direction-1,6,14086,20th St,2021-01-01T16:10:00Z,31,48.947709677419354,21.648935483870968,70.59664516129033,26.95363924246415,8.994502287269649,30.66512161892116,17.584,25.977,30.6055
Broad to 23rd,direction-1,6,14086,20th St,2021-01-01T16:20:00Z,20,40.65465,21.89675,62.5514,26.424662274941888,10.28566326124301,26.242481675008523,16.383000000000003,26.912200000000038,50.21635
Broad to 23rd,direction-1,6,14086,20th St,2021-01-01T16:30:00Z,34,40.65779411764706,20.58379411764706,61.24158823529412,19.036156509476847,7.5348726388440515,17.897339003356603,17.532600000000002,22.2402,30.81594999999987
Broad to 23rd,direction-1,6,14086,20th St,2021-01-01T16:40:00Z,35,37.694428571428574,22.171085714285713,59.86551428571428,15.911038035582338,6.546376363488198,16.422732357335434,17.844199999999997,27.176000000000002,28.4617
Broad to 23rd,direction-1,6,14086,20th St,2021-01-01T16:50:00Z,20,46.20665,22.6499,68.85655,17.89708567947366,8.663374381480013,19.376122523611375,18.0884,27.5908,30.598100000000017
Broad to 23rd,direction-1,6,14086,20th St,2021-01-01T17:00:00Z,29,49.413275862068964,21.609620689655173,71.02289655172413,28.963653335931905,5.382198537863985,30.914782933256134,16.4884,26.197,32.57479999999998
Broad to 23rd,direction-1,6,14086,20th St,2021-01-01T17:10:00Z,24,48.87070833333333,30.46783333333333,79.33854166666667,27.556731926635447,27.79089170568482,52.30991468577416,16.431,64.1944,76.80544999999996
Broad to 23rd,direction-1,6,14086,20th St,2021-01-01T17:20:00Z,30,42.3154,23.855733333333333,66.17113333333333,27.12659448305806,10.461105159963553,31.937208019026563,17.7437,36.94670000000001,45.71929999999999
Broad to 23rd,direction-1,6,14086,20th St,2021-01-01T17:30:00Z,21,44.330285714285715,18.30795238095238,62.638238095238094,25.00937035421495,7.916397093856463,26.741699061399895,11.789,24.39,30.446
Broad to 23rd,direction-1,6,14086,20th St,2021-01-01T17:40:00Z,29,40.99131034482759,23.86089655172414,64.85220689655172,31.90018826982446,8.085474521567443,34.216900722115284,18.3506,31.794800000000002,41.325199999999974
Broad to 23rd,direction-1,6,14086,20th St,2021-01-01T17:50:00Z,19,38.834210526315786,21.336736842105264,60.170947368421054,8.963575269940174,8.049672173049487,11.555668111237706,17.4062,24.34299999999999,35.84449999999996
Broad to 23rd,direction-1,7,14088,21st St,2021-01-01T15:00:00Z,16,41.0831875,25.933375,67.0165625,20.86096018313874,7.264072116703321,22.95742430665586,20.9055,36.701499999999996,41.384
Broad to 23rd,direction-1,7,14088,21st St,2021-01-01T15:10:00Z,30,43.9211,28.059066666666666,71.98016666666666,23.7751744869771,12.86660534480057,25.962361660127616,20.259,49.98430000000001,56.67024999999999
Broad to 23rd,direction-1,7,14088,21st St,2021-01-01T15:20:00Z,27,28.546481481481482,24.028185185185183,52.574666666666666,13.548227708024767,6.164668978804427,15.277471364977004,19.532,28.803200000000004,38.187499999999986
Broad to 23rd,direction-1,7,14088,21st St,2021-01-01T15:30:00Z,21,31.948857142857143,23.311380952380954,55.260238095238094,14.943424755676705,6.254652664026921,17.829393845290316,18.716,31.576,38.743
Broad to 23rd,direction-1,7,14088,21st St,2021-01-01T15:40:00Z,30,31.0052,21.1938,52.199,15.47247673016564,1.4464425659360707,16.00248370377721,19.3254,22.3898,22.780900000000003
Broad to 23rd,direction-1,7,14088,21st St,2021-01-01T15:50:00Z,34,30.451676470588236,22.945676470588236,53.39735294117647,12.857034842947378,5.1447390941331825,15.312483041687289,19.7158,23.7752,31.273049999999905
Broad to 23rd,direction-1,7,14088,21st St,2021-01-01T16:00:00Z,15,42.202333333333335,24.2148,66.41713333333334,21.28826561299731,7.448256116127356,20.934956524799333,19.897,33.8858,37.60509999999999
Broad to 23rd,direction-1,7,14088,21st St,2021-01-01T16:10:00Z,31,40.92296774193549,24.23532258064516,65.15829032258064,21.106785952206415,9.834936306816623,23.63344617160681,19.617,23.395,52.234
Broad to 23rd,direction-1,7,14088,21st St,2021-01-01T16:20:00Z,20,35.0316,23.23195,58.26355,17.35351672049274,6.6464906012991465,20.730329609878627,19.0604,30.925100000000004,33.54545000000001
Broad to 23rd,direction-1,7,14088,21st St,2021-01-01T16:30:00Z,34,36.1675,22.609264705882353,58.77676470588236,17.217222269629275,6.965282740498064,20.974489929954125,18.525399999999998,32.16629999999999,36.292699999999975
Broad to 23rd,direction-1,7,14088,21st St,2021-01-01T16:40:00Z,35,31.25977142857143,24.164142857142856,55.42391428571428,14.838691868152772,6.308861299058357,18.011468107147454,20.400399999999998,32.52960000000001,40.16139999999999
Broad to 23rd,direction-1,7,14088,21st St,2021-01-01T16:50:00Z,20,31.079250000000002,22.63655,53.7158,11.491966662687279,4.334041634791395,11.011664406915347,19.760499999999997,24.5879,25.48075000000001
Broad to 23rd,direction-1,7,14088,21st St,2021-01-01T17:00:00Z,29,35.05813793103448,22.751827586206897,57.80996551724138,19.4213478617219,6.361680405078102,21.6980955393436,18.2394,26.762599999999996,35.0518
Broad to 23rd,direction-1,7,14088,21st St,2021-01-01T17:10:00Z,24,36.800041666666665,23.65425,60.45429166666667,18.61414199514927,5.8827738078149014,22.472708705525594,19.671,27.2868,28.52595
Broad to 23rd,direction-1,7,14088,21st St,2021-01-01T17:20:00Z,30,31.798866666666665,24.464433333333332,56.2633,18.156202482961543,6.8714645413971365,21.89565088944409,19.224800000000002,30.547600000000003,37.289899999999975
Broad to 23rd,direction-1,7,14088,21st St,2021-01-01T17:30:00Z,21,34.681666666666665,22.047333333333334,56.729,14.003818812500157,3.9190030279821593,15.45304095962992,19.443,25.432,25.597
Broad to 23rd,direction-1,7,14088,21st St,2021-01-01T17:40:00Z,29,35.644379310344824,22.123241379310343,57.767620689655175,23.70703602672451,2.667970893704647,25.534140701944516,19.3622,25.6408,26.9334
Broad to 23rd,direction-1,7,14088,21st St,2021-01-01T17:50:00Z,19,32.85026315789474,20.335473684210527,53.185736842105264,12.04801853160974,1.075291194071068,12.159429289614,19.361800000000002,21.7466,21.973899999999997
Broad to 23rd,direction-1,8,14089,22nd St,2021-01-01T15:00:00Z,16,31.7689375,22.6561875,54.425125,14.29513987092,9.432055210601417,16.450481285259308,15.572,37.370000000000005,39.7975
Broad to 23rd,direction-1,8,14089,22nd St,2021-01-01T15:10:00Z,30,37.239466666666665,19.024933333333333,56.2644,19.205211433059148,3.2184517795783836,20.06062494918152,16.480999999999998,23.611000000000004,25.908099999999997
Broad to 23rd,direction-1,8,14089,22nd St,2021-01-01T15:20:00Z,27,43.180925925925926,20.902074074074076,64.083,19.25633756400519,11.25614725358113,21.744220492952923,16.116,24.211600000000004,29.715299999999996
Broad to 23rd,direction-1,8,14089,22nd St,2021-01-01T15:30:00Z,21,42.67057142857143,16.347285714285714,59.017857142857146,25.440824580919994,12.982262391982598,32.767305252775536,9.039,22.475,47.291
Broad to 23rd,direction-1,8,14089,22nd St,2021-01-01T15:40:00Z,30,47.390433333333334,13.621833333333333,61.01226666666667,23.570317756673855,5.395682259013209,22.362323303106134,7.544,19.2501,19.314500000000002
Broad to 23rd,direction-1,8,14089,22nd St,2021-01-01T15:50:00Z,34,37.801117647058824,14.382264705882353,52.18338235294117,20.71368563953838,6.350684436074222,21.36046854839453,10.473,15.9728,23.458299999999888
Broad to 23rd,direction-1,8,14089,22nd St,2021-01-01T16:00:00Z,15,41.64573333333333,12.613666666666667,54.2594,22.45386162609473,8.879759960290647,22.29162562744776,6.14,19.1886,26.79559999999998
Broad to 23rd,direction-1,8,14089,22nd St,2021-01-01T16:10:00Z,31,33.011967741935486,16.459,49.47096774193548,18.12032994085901,6.011074928829285,20.516808230462928,11.957,19.001,27.907999999999998
Broad to 23rd,direction-1,8,14089,22nd St,2021-01-01T16:20:00Z,20,36.90445,15.43455,52.339,17.977901608934406,1.9044393697773356,18.53848886704858,13.857,16.863,16.8647
Broad to 23rd,direction-1,8,14089,22nd St,2021-01-01T16:30:00Z,34,37.66923529411765,14.53029411764706,52.19952941176471,18.12655429332943,3.2713026830617147,17.84192538909458,11.93,16.4421,16.990199999999994
Broad to 23rd,direction-1,8,14089,22nd St,2021-01-01T16:40:00Z,35,36.035714285714285,19.6594,55.69511428571428,20.445617050190126,5.401108367733422,19.6680561179071,15.725,23.6812,24.539599999999997
Broad to 23rd,direction-1,8,14089,22nd St,2021-01-01T16:50:00Z,20,38.23295,15.66095,53.8939,16.45635959447385,1.7386375632419167,15.799510491750917,15.2564,18.4744,18.541700000000002
Broad to 23rd,direction-1,8,14089,22nd St,2021-01-01T17:00:00Z,29,37.28131034482759,18.39806896551724,55.67937931034483,21.09547357187496,5.405462917476796,24.232501302727698,15.719,22.4482,24.079199999999997
Broad to 23rd,direction-1,8,14089,22nd St,2021-01-01T17:10:00Z,24,40.87504166666667,15.651458333333334,56.5265,24.22511050538652,2.3726953299197913,24.422311869343538,14.255,17.947400000000002,18.285999999999998
Broad to 23rd,direction-1,8,14089,22nd St,2021-01-01T17:20:00Z,30,35.9628,16.133533333333332,52.096333333333334,16.270265416312093,6.27258250029352,16.730314419481562,10.838,20.6636,22.189549999999997
Broad to 23rd,direction-1,8,14089,22nd St,2021-01-01T17:30:00Z,21,40.69942857142857,18.07395238095238,58.773380952380954,18.644117065636088,4.732085845334915,18.29188758569271,13.713,23.353,24.457
Broad to 23rd,direction-1,8,14089,22nd St,2021-01-01T17:40:00Z,29,35.154137931034484,18.64403448275862,53.798172413793104,12.444544251323657,8.750503375246309,13.500896184721976,11.252,28.971800000000002,31.47039999999999
Broad to 23rd,direction-1,8,14089,22nd St,2021-01-01T17:50:00Z,19,31.719,11.217,42.936,14.73172093741182,4.030667962288908,14.19061518124645,7.583,16.2702,16.744299999999996
Broad to 23rd,direction-1,9,131,23rd St,2021-01-01T15:00:00Z,16,40.338875,4.0943125,44.4331875,23.212969394643736,2.0541567197189865,23.826492751329695,1.824,6.824,7.004250000000001
Broad to 23rd,direction-1,9,131,23rd St,2021-01-01T15:10:00Z,30,42.799033333333334,3.3491333333333335,46.14816666666667,33.58852205172982,1.94934451818418,33.775761718441224,1.8297,6.711500000000001,7.345499999999999
Broad to 23rd,direction-1,9,131,23rd St,2021-01-01T15:20:00Z,27,40.450296296296294,3.2745185185185184,43.72481481481481,19.789880988126647,2.1460391130275034,19.531685495894646,1.9414,4.854000000000002,8.583299999999996
Broad to 23rd,direction-1,9,131,23rd St,2021-01-01T15:30:00Z,21,33.355761904761906,3.193952380952381,36.54971428571429,20.56084054192523,1.0928323968564657,20.55898296400592,2.009,4.636,4.981
Broad to 23rd,direction-1,9,131,23rd St,2021-01-01T15:40:00Z,30,31.9034,2.648,34.5514,15.839737375043338,1.2863902716650508,15.508868058474558,1.9319000000000002,3.0645,3.0701
Broad to 23rd,direction-1,9,131,23rd St,2021-01-01T15:50:00Z,34,32.77829411764706,2.3003235294117648,35.07861764705882,21.56492412780871,0.4514954089224772,21.600238644886375,1.7556,2.8182,2.9520999999999997
Broad to 23rd,direction-1,9,131,23rd St,2021-01-01T16:00:00Z,15,45.88186666666667,2.7192666666666665,48.60113333333333,13.932502635752058,0.8089014125578563,14.094420693850388,1.8726,3.9505999999999997,4.2279
Broad to 23rd,direction-1,9,131,23rd St,2021-01-01T16:10:00Z,31,32.592,5.256483870967742,37.84848387096774,21.20872400059309,4.487479068630611,21.471928739435537,2.304,13.768,14.224
Broad to 23rd,direction-1,9,131,23rd St,2021-01-01T16:20:00Z,20,35.12305,11.4924,46.61545,18.296940271891305,6.2184318585112255,18.781401369930336,5.412700000000001,19.3592,20.9541
Broad to 23rd,direction-1,9,131,23rd St,2021-01-01T16:30:00Z,34,39.12908823529412,8.34664705882353,47.47573529411765,22.834674918385463,5.39507793569878,22.903282807319343,3.4577999999999998,17.621699999999997,18.3727
Broad to 23rd,direction-1,9,131,23rd St,2021-01-01T16:40:00Z,35,34.72248571428572,4.365371428571429,39.087857142857146,21.844829492382413,1.5907186516073257,22.011598118135034,2.5712,6.282400000000001,7.467
Broad to 23rd,direction-1,9,131,23rd St,2021-01-01T16:50:00Z,20,35.1402,3.74955,38.88975,16.54896314640445,1.7173955028350036,16.182764264797285,1.9133999999999998,5.3927000000000005,5.874150000000002
Broad to 23rd,direction-1,9,131,23rd St,2021-01-01T17:00:00Z,29,31.706137931034483,4.413551724137931,36.119689655172415,19.774535580105717,2.495099376580977,18.60961965164301,1.9945999999999997,7.345,7.8069999999999995
Broad to 23rd,direction-1,9,131,23rd St,2021-01-01T17:10:00Z,24,29.856083333333334,3.659625,33.515708333333336,17.51723806380612,1.413808387868984,17.682196244857895,2.3065,5.8686,6.10865
Broad to 23rd,direction-1,9,131,23rd St,2021-01-01T17:20:00Z,30,25.532033333333334,3.4459666666666666,28.977999999999998,21.507948478585103,1.6048367729510973,21.93277709195799,1.9495000000000002,6.1051,6.2654499999999995
Broad to 23rd,direction-1,9,131,23rd St,2021-01-01T17:30:00Z,21,28.92647619047619,4.719714285714286,33.646190476190476,21.404068105430444,2.330255868844817,21.619513201316646,2.473,7.74,8.096
Broad to 23rd,direction-1,9,131,23rd St,2021-01-01T17:40:00Z,29,33.896827586206896,3.2139310344827585,37.11075862068966,18.941906552986396,1.5059567896247052,19.085379472733223,1.8604,5.2959999999999985,6.5596
Broad to 23rd,direction-1,9,131,23rd St,2021-01-01T17:50:00Z,19,31.54957894736842,5.1627368421052635,36.712315789473685,16.466790489803643,1.66015822010719,16.256710327508287,3.0286,7.115599999999999,7.665599999999998
Broad to 2nd,direction-1,12,14880,5th St - FS,2021-01-01T15:00:00Z,16,13.481125,27.263125,40.74425,13.832503629133809,29.165291668636996,28.094222951821727,2.28,64.4405,65.65375
Broad to 2nd,direction-1,12,14880,5th St - FS,2021-01-01T15:10:00Z,30,15.750533333333333,24.423833333333334,40.174366666666664,15.948906730953182,18.305308517934943,21.72386649316009,2.7569,43.599500000000006,53.59699999999995
Broad to 2nd,direction-1,12,14880,5th St - FS,2021-01-01T15:20:00Z,27,17.125814814814817,27.755185185185184,44.881,12.095163095656929,17.225669950211465,22.341423303602866,3.2754000000000003,47.72460000000001,50.5774
Broad to 2nd,direction-1,12,14880,5th St - FS,2021-01-01T15:30:00Z,21,13.058,25.004380952380952,38.062380952380956,14.96218435590205,20.531481801068793,22.081574994723972,2.963,54.098,57.888
Broad to 2nd,direction-1,12,14880,5th St - FS,2021-01-01T15:40:00Z,30,22.8662,26.0478,48.914,14.036115059325379,17.650224553421605,20.2001913459698,2.7534,52.4635,53.034800000000004
Broad to 2nd,direction-1,12,14880,5th St - FS,2021-01-01T15:50:00Z,34,22.392441176470587,27.033882352941177,49.42632352941177,15.09148747652168,19.686253089732755,19.107757959150785,3.1894,50.1776,52.55294999999998
Broad to 2nd,direction-1,12,14880,5th St - FS,2021-01-01T16:00:00Z,15,17.6156,20.946066666666667,38.56166666666667,12.975868519238757,29.628547390907272,34.56990612753623,2.5250000000000004,56.059799999999996,69.86609999999995
Broad to 2nd,direction-1,12,14880,5th St - FS,2021-01-01T16:10:00Z,31,16.953258064516127,28.39993548387097,45.3531935483871,13.250830816638736,16.500361121170418,17.838542715927133,4.643,42.956,46.352999999999994
Broad to 2nd,direction-1,12,14880,5th St - FS,2021-01-01T16:20:00Z,20,20.50775,24.03565,44.5434,15.505700849331106,22.817306198020187,28.835757023090913,2.7729999999999997,51.754200000000004,59.35005
Broad to 2nd,direction-1,12,14880,5th St - FS,2021-01-01T16:30:00Z,34,20.169794117647058,25.915176470588236,46.084970588235294,13.841070379828226,19.63158230006634,20.026345864787178,2.2885,51.7422,57.62794999999995
Broad to 2nd,direction-1,12,14880,5th St - FS,2021-01-01T16:40:00Z,35,19.977085714285714,25.8822,45.85928571428571,9.454583866076405,18.457166030314305,21.197425310596554,3.0976,47.0078,54.39909999999999
Broad to 2nd,direction-1,12,14880,5th St - FS,2021-01-01T16:50:00Z,20,27.14915,24.68975,51.8389,15.22260516563927,23.44378144878554,21.622820792905472,2.4148,54.9292,58.65655000000001
Broad to 2nd,direction-1,12,14880,5th St - FS,2021-01-01T17:00:00Z,29,22.108310344827586,25.78789655172414,47.896206896551725,16.083503096792438,18.014097091573326,19.34501894984729,2.7925999999999997,49.85,53.004
Broad to 2nd,direction-1,12,14880,5th St - FS,2021-01-01T17:10:00Z,24,17.88,27.183166666666665,45.06316666666667,13.935657124020413,22.40871592981598,24.92108597094064,2.9363,54.4862,58.07445
Broad to 2nd,direction-1,12,14880,5th St - FS,2021-01-01T17:20:00Z,30,14.320833333333333,28.308999999999997,42.62983333333333,12.525548787160593,20.20152718364936,25.93882334832099,2.6666000000000003,54.89920000000001,58.671299999999995
Broad to 2nd,direction-1,12,14880,5th St - FS,2021-01-01T17:30:00Z,21,16.667714285714286,24.77109523809524,41.438809523809525,13.07253477005457,23.136483667369944,24.286934542298763,2.623,51.037,55.795
Broad to 2nd,direction-1,12,14880,5th St - FS,2021-01-01T17:40:00Z,29,16.063758620689654,27.070103448275862,43.13386206896552,15.928437979769688,17.80711302771377,26.530848909098978,3.0603999999999996,46.7832,53.547799999999995
Broad to 2nd,direction-1,12,14880,5th St - FS,2021-01-01T17:50:00Z,19,10.786263157894737,29.987947368421054,40.77421052631579,10.875085373060069,21.264913936324742,21.9112324988779,8.6428,59.727599999999995,63.83659999999999
